Item_Identifier,Outlet_Identifier,Item_Outlet_Sales
FDI44,OUT027,1544.656
FDF41,OUT045,6404.996
FDY50,OUT045,1070.6064
NCN41,OUT010,369.519
FDS52,OUT019,101.2016
FDB17,OUT010,181.0976
FDQ28,OUT027,6024.1584
FDP11,OUT046,4136.6154
FDH41,OUT027,5806.4418
FDL38,OUT045,1338.258
FDA49,OUT027,2267.7148
FDW34,OUT046,1944.136
FDN56,OUT045,3900.9222
NCB06,OUT017,3515.424
FDK09,OUT027,8474.3024
FDG04,OUT018,1870.898
FDV48,OUT027,3221.1404
FDB33,OUT013,4137.2812
FDS02,OUT046,3901.588
FDT43,OUT017,1298.31
FDI02,OUT046,337.5606
NCX54,OUT049,529.311
FDE35,OUT013,761.6752
FDR35,OUT013,2587.9646
FDN23,OUT013,2612.5992
FDU28,OUT046,942.107
NCQ42,OUT018,3560.6984
NCP55,OUT013,221.0456
FDS47,OUT027,1845.5976
FDW12,OUT017,3483.4656
DRD13,OUT013,1661.8368
DRI47,OUT049,2444.8176
NCJ30,OUT017,1018.674
NCP30,OUT013,589.233
NCN06,OUT035,1965.4416
FDS57,OUT049,1431.47
FDI16,OUT013,852.224
FDZ40,OUT027,1024.6662
NCJ30,OUT046,2886.243
FDV33,OUT018,2324.9736
NCR05,OUT035,2976.126
FDQ14,OUT035,2696.49
NCX29,OUT045,2624.5836
FDA43,OUT018,2340.9528
FDW51,OUT010,852.224
FDG29,OUT027,419.454
FDH38,OUT049,1406.1696
FDF11,OUT018,3605.307
FDD56,OUT045,3677.2134
FDH53,OUT010,165.1184
FDB56,OUT049,5257.1568
FDQ25,OUT035,2069.3064
FDJ10,OUT027,4916.933
NCR05,OUT018,2182.4924
FDP24,OUT027,3877.6192
FDH28,OUT046,265.6542
NCP17,OUT010,191.7504
NCC30,OUT049,2676.516
FDI19,OUT013,4847.024
FDT01,OUT046,1274.3412
NCT42,OUT027,3281.0624
FDC40,OUT017,1869.5664
FDA44,OUT049,848.895
FDJ20,OUT018,1981.4208
FDA34,OUT027,7443.644
FDS20,OUT049,4925.5884
FDX46,OUT045,592.562
DRJ13,OUT010,962.7468
FDQ45,OUT035,2572.6512
NCM07,OUT046,419.454
FDS11,OUT017,4026.7584
FDR46,OUT019,146.476
FDV31,OUT045,529.311
DRD13,OUT018,575.2512
FDE44,OUT046,1034.6532
NCJ06,OUT013,1549.3166
NCC18,OUT018,2931.5174
FDD59,OUT046,1438.128
FDV39,OUT018,4943.565
DRG13,OUT017,1808.9786
NCB42,OUT017,1390.1904
FDU60,OUT045,6426.3016
FDC05,OUT018,3153.2288
FDU11,OUT045,1807.647
FDE40,OUT045,743.0328
FDY25,OUT027,7968.2944
FDA32,OUT017,6471.576
FDA39,OUT013,942.7728
NCK17,OUT013,319.584
NCF07,OUT046,1720.4272
NCV17,OUT035,2360.9268
NCI17,OUT017,3282.394
NCL42,OUT049,5635.3312
FDF12,OUT027,3990.8052
NCJ29,OUT027,2045.3376
FDJ03,OUT010,49.2692
FDR25,OUT045,3974.826
FDF28,OUT017,1992.0736
FDV20,OUT049,2797.6916
FDU38,OUT035,4410.2592
FDV36,OUT017,2909.546
FDQ56,OUT035,1929.4884
FDZ07,OUT049,495.3552
FDU52,OUT018,2503.408
FDI58,OUT045,2050.664
FDL14,OUT046,1713.7692
FDS27,OUT045,2749.754
FDS19,OUT045,1669.8264
FDG56,OUT035,1898.8616
NCX05,OUT045,1506.0396
DRE13,OUT027,2529.3742
DRH36,OUT019,223.7088
FDB11,OUT017,4725.8484
FDM20,OUT017,6615.3888
FDN24,OUT045,1364.89
FDD32,OUT017,1868.2348
NCS53,OUT046,2693.8268
FDL14,OUT035,1869.5664
FDP45,OUT046,1258.362
FDD17,OUT035,1188.453
FDS56,OUT013,6033.4796
FDU31,OUT046,2821.6604
NCH43,OUT035,2372.9112
NCF55,OUT045,247.0118
FDH50,OUT018,1290.9862
FDK52,OUT027,4288.4178
DRF27,OUT046,2603.278
FDH47,OUT046,2527.3768
DRJ59,OUT010,77.2328
FDC38,OUT035,1987.413
NCJ17,OUT017,511.3344
FDY39,OUT010,551.2824
FDY57,OUT035,1534.0032
FDL09,OUT019,167.7816
FDJ55,OUT046,1800.3232
NCL53,OUT045,2833.6448
FDP57,OUT046,2992.771
NCM53,OUT017,1065.28
DRF01,OUT013,1895.5326
FDM08,OUT045,5145.3024
FDF09,OUT027,484.7024
FDJ15,OUT046,3307.6944
FDP08,OUT049,1549.9824
FDS12,OUT017,4655.9394
FDY04,OUT045,3425.541
FDQ34,OUT013,2117.244
FDF34,OUT045,4364.9848
NCS54,OUT018,2293.681
NCA53,OUT017,340.2238
FDY44,OUT027,5892.33
FDT40,OUT046,508.6712
FDK33,OUT018,3408.896
FDD20,OUT027,5353.6978
FDW46,OUT018,1043.9744
FDA23,OUT013,1720.4272
NCJ54,OUT046,4647.284
FDU32,OUT046,1462.0968
FDX01,OUT049,2796.36
DRM23,OUT010,172.4422
FDQ39,OUT035,4586.0304
NCK54,OUT013,1514.695
DRK47,OUT013,4567.388
FDK27,OUT017,1938.8096
FDI08,OUT035,3486.1288
FDU02,OUT045,5267.8096
DRL35,OUT045,649.155
NCI43,OUT013,575.2512
FDS47,OUT045,966.7416
NCC31,OUT013,1713.7692
FDO57,OUT010,481.3734
NCI55,OUT027,4751.8146
FDU26,OUT035,715.0692
NCM30,OUT017,371.5164
FDJ56,OUT027,2696.49
FDA27,OUT018,5624.6784
FDG09,OUT017,2065.3116
FDA40,OUT013,1669.8264
FDN33,OUT046,661.8052
FDY19,OUT049,2239.0854
FDZ59,OUT010,499.35
FDU15,OUT045,575.2512
FDX23,OUT010,94.5436
FDZ59,OUT019,665.8
NCE54,OUT027,2332.2974
FDT38,OUT049,1860.2452
FDM50,OUT035,1557.972
FDF12,OUT013,3103.9596
FDR04,OUT046,1263.6884
FDI52,OUT018,1347.5792
FDQ44,OUT035,3392.9168
FDK51,OUT035,5829.7448
FDA13,OUT045,493.3578
FDT55,OUT019,473.3838
FDQ12,OUT035,2067.309
NCX42,OUT027,4769.1254
NCY41,OUT035,1042.6428
FDV47,OUT013,1775.6886
FDT48,OUT017,3968.168
FDP23,OUT045,1959.4494
FDW45,OUT013,2795.6942
NCC31,OUT049,3427.5384
FDY59,OUT027,1018.0082
FDD29,OUT013,6088.0752
FDY19,OUT018,2239.0854
DRH59,OUT049,805.618
FDP37,OUT019,385.4982
FDR04,OUT049,1458.102
FDR15,OUT027,3723.1536
FDC17,OUT046,5890.9984
FDP33,OUT017,5369.0112
FDD05,OUT019,361.5294
FDU07,OUT049,4231.8248
FDO19,OUT013,1458.102
FDY10,OUT045,1946.7992
FDZ52,OUT013,1779.0176
NCX18,OUT035,1964.11
FDH21,OUT049,1267.6832
FDE11,OUT027,6478.234
NCN14,OUT017,1470.0864
FDZ59,OUT013,5326.4
FDE59,OUT010,179.766
NCQ38,OUT049,1065.28
FDM02,OUT046,1657.1762
FDO40,OUT010,596.5568
FDR33,OUT045,1208.427
FDY47,OUT046,1557.972
NCL42,OUT017,5635.3312
FDQ46,OUT013,1901.5248
FDC53,OUT018,295.6152
FDX27,OUT049,1229.0668
FDN21,OUT018,1611.236
DRE48,OUT027,8868.456
FDH05,OUT045,1853.5872
FDA38,OUT013,3124.5994
FDC34,OUT046,4673.916
FDQ10,OUT018,3276.4018
FDC33,OUT027,7488.9184
NCK31,OUT018,820.2656
FDS31,OUT045,3067.3406
FDV51,OUT027,5470.8786
FDL56,OUT013,1133.8574
FDT22,OUT049,659.142
FDB44,OUT045,844.2344
NCU53,OUT035,1989.4104
DRN36,OUT045,2109.2544
NCF31,OUT046,1214.4192
FDO10,OUT046,1603.2464
FDR48,OUT013,1669.8264
DRJ39,OUT013,1095.241
FDR04,OUT045,1944.136
FDS02,OUT049,2926.191
DRI01,OUT013,2069.3064
FDH10,OUT019,387.4956
FDC04,OUT018,2175.1686
FDH47,OUT049,1846.9292
NCH18,OUT035,1228.401
FDN38,OUT035,4756.4752
FDN08,OUT027,4124.631
FDB21,OUT035,1691.7978
FDT39,OUT045,2418.1856
FDI12,OUT045,703.0848
FDS55,OUT017,1930.1542
FDB38,OUT019,319.584
FDX46,OUT046,651.8182
NCZ54,OUT049,7148.0288
NCS54,OUT045,4587.362
NCX30,OUT013,4210.5192
FDQ46,OUT018,2460.7968
FDR37,OUT027,8209.314
NCM19,OUT027,5063.409
FDZ20,OUT046,3815.034
DRK49,OUT013,812.276
NCI17,OUT045,868.869
NCO54,OUT018,1381.535
FDG08,OUT049,2061.3168
NCM26,OUT019,153.134
FDS39,OUT017,1994.7368
NCU18,OUT046,1411.496
FDB59,OUT045,2380.9008
FDW07,OUT027,2036.6822
FDV45,OUT027,7510.224
FDB09,OUT019,124.5046
FDP49,OUT018,552.614
FDY28,OUT035,4274.436
FDT46,OUT035,809.6128
DRD60,OUT049,3453.5046
FDZ03,OUT049,4474.176
FDG14,OUT045,4402.2696
NCJ06,OUT035,1310.9602
FDD03,OUT046,699.09
FDE04,OUT010,719.064
FDT04,OUT045,510.6686
FDW50,OUT017,1169.8106
FDX03,OUT019,135.8232
NCR50,OUT013,4287.752
FDY13,OUT019,229.701
FDU49,OUT045,2163.85
FDF24,OUT035,1228.401
DRJ24,OUT019,370.1848
FDA13,OUT013,645.1602
FDH38,OUT035,3749.7856
FDI08,OUT017,4233.1564
DRF25,OUT049,732.38
NCN30,OUT046,965.41
FDV46,OUT049,3495.45
FDE34,OUT046,3817.0314
FDW45,OUT045,4119.9704
FDT32,OUT017,2826.321
FDG40,OUT017,611.2044
NCC07,OUT027,3050.6956
FDI14,OUT035,1411.496
FDX08,OUT018,2706.477
FDT12,OUT027,4739.8302
DRL01,OUT013,5608.6992
FDY50,OUT035,1516.6924
NCI54,OUT010,109.1912
FDI05,OUT049,1655.1788
NCW29,OUT018,2077.296
NCQ53,OUT018,2836.308
FDY47,OUT027,4933.578
FDH24,OUT046,2199.8032
DRG25,OUT035,2237.088
FDU34,OUT035,1618.5598
FDD45,OUT035,2741.7644
FDW07,OUT013,1505.3738
NCU41,OUT049,6687.961
FDJ57,OUT035,4643.955
NCO05,OUT046,2463.46
FDB57,OUT035,5559.43
FDP34,OUT049,2659.871
FDM21,OUT035,2061.3168
NCV53,OUT018,3835.008
FDS60,OUT018,2157.192
FDB03,OUT035,4326.3684
FDN40,OUT013,2153.1972
FDM02,OUT017,1395.5168
FDS35,OUT027,1033.3216
FDR08,OUT017,2334.9606
FDR22,OUT010,223.7088
DRN35,OUT013,826.9236
FDO34,OUT027,5704.5744
FDN45,OUT045,1789.6704
FDL32,OUT017,1230.3984
FDZ43,OUT046,3635.268
FDU26,OUT027,1549.3166
FDY37,OUT027,2862.94
FDH17,OUT035,1174.4712
FDO01,OUT018,1284.994
FDJ16,OUT035,1853.5872
FDM24,OUT046,2871.5954
FDC48,OUT017,1238.388
FDQ10,OUT019,517.3266
FDL24,OUT013,2069.3064
FDU20,OUT019,361.5294
FDM25,OUT027,3866.9664
FDS60,OUT046,1078.596
FDY16,OUT013,3872.9586
DRE03,OUT017,661.8052
FDT31,OUT017,4916.2672
FDW49,OUT045,2865.6032
NCP17,OUT027,1661.8368
FDH10,OUT035,968.739
FDC15,OUT010,314.2576
FDI41,OUT018,2059.9852
FDY04,OUT017,1794.331
FDC59,OUT027,958.752
NCO55,OUT010,428.7752
FDW14,OUT018,959.4178
FDK20,OUT027,2695.1584
NCX41,OUT019,1482.0708
FDJ57,OUT018,2600.6148
FDY13,OUT045,612.536
FDR58,OUT046,2406.2012
DRH39,OUT017,2143.876
FDX58,OUT027,7873.085
NCQ54,OUT045,2358.2636
FDY51,OUT027,6170.6344
DRH03,OUT010,93.212
DRG11,OUT018,1941.4728
FDB04,OUT045,1230.3984
FDK24,OUT027,1041.3112
NCL41,OUT049,311.5944
NCK30,OUT010,1775.6886
FDB08,OUT046,2727.7826
NCG55,OUT049,2633.9048
FDZ60,OUT049,539.298
FDW28,OUT018,4502.1396
FDL57,OUT035,6458.26
FDI44,OUT013,1158.492
NCV06,OUT017,3293.7126
NCA06,OUT013,73.238
FDC46,OUT027,7192.6374
FDH60,OUT027,5499.508
FDH47,OUT010,97.2068
DRH25,OUT013,623.1888
FDV01,OUT027,6515.5188
FDZ33,OUT010,739.038
FDO60,OUT013,981.3892
FDE41,OUT045,1691.132
FDP24,OUT049,1332.9316
FDI07,OUT049,3757.1094
DRE25,OUT046,1771.028
FDP03,OUT017,2105.2596
FDX46,OUT013,177.7686
FDO03,OUT019,687.1056
NCS05,OUT027,1722.4246
DRK49,OUT027,1380.8692
FDD02,OUT010,592.562
FDG34,OUT045,325.5762
FDF02,OUT018,1857.582
FDV13,OUT018,2109.2544
DRJ11,OUT049,6050.7904
FDW12,OUT049,870.8664
FDM56,OUT018,545.956
FDX31,OUT045,1402.1748
FDF05,OUT018,4207.856
FDR20,OUT049,452.744
FDQ51,OUT027,1323.6104
DRE03,OUT045,614.5334
NCH06,OUT010,985.384
FDF40,OUT017,2241.0828
FDP56,OUT045,1182.4608
FDB33,OUT049,3819.0288
DRJ51,OUT013,1151.834
NCX05,OUT010,347.5476
FDL52,OUT013,303.6048
FDX58,OUT045,4211.185
DRE48,OUT046,1182.4608
FDD05,OUT046,2651.2156
FDO16,OUT018,2247.075
DRJ47,OUT013,1038.648
FDI41,OUT035,5591.3884
NCN26,OUT010,351.5424
FDZ56,OUT045,2863.6058
FDR12,OUT019,687.1056
DRI03,OUT013,4604.6728
DRI25,OUT013,828.921
FDJ22,OUT027,1917.504
FDD57,OUT013,476.047
NCP02,OUT018,651.8182
FDI20,OUT013,5487.5236
FDS13,OUT010,264.9884
FDO15,OUT017,739.038
NCI30,OUT045,1970.768
FDX07,OUT010,732.38
DRZ11,OUT018,1609.9044
FDE26,OUT010,288.9572
FDP11,OUT027,4354.332
NCQ18,OUT027,2596.62
FDF16,OUT045,1330.2684
DRC27,OUT018,1228.401
FDY44,OUT045,3731.809
FDV34,OUT045,1034.6532
FDR39,OUT049,4925.5884
FDA32,OUT010,862.8768
FDA01,OUT010,117.1808
FDP28,OUT049,4958.8784
NCX41,OUT046,3811.0392
FDI57,OUT013,2561.9984
FDZ45,OUT045,2182.4924
FDS46,OUT018,2621.9204
FDK58,OUT018,1012.016
FDF59,OUT018,1771.028
FDE05,OUT027,5394.9774
FDB40,OUT035,4082.6856
FDB50,OUT018,1168.479
DRL60,OUT019,457.4046
NCO05,OUT027,2660.5368
FDN04,OUT046,1427.4752
FDA26,OUT035,4819.0604
NCK19,OUT046,3099.9648
FDN60,OUT019,316.9208
NCR38,OUT045,6795.1548
FDM25,OUT010,175.7712
DRE03,OUT049,1607.2412
NCG42,OUT049,1038.648
NCP05,OUT035,2884.2456
FDT14,OUT046,1917.504
NCU54,OUT049,7130.718
DRJ51,OUT045,4146.6024
NCZ18,OUT018,3805.047
DRF27,OUT013,1378.206
FDM01,OUT046,1845.5976
FDG47,OUT046,8132.0812
FDV28,OUT027,1120.5414
FDG60,OUT027,6796.4864
FDZ58,OUT046,857.5504
FDO46,OUT035,1701.7848
FDG08,OUT017,2404.8696
FDJ53,OUT049,1446.1176
FDK27,OUT027,2787.0388
FDV45,OUT046,3942.8676
FDB35,OUT017,2297.01
FDL43,OUT046,765.67
NCU06,OUT049,3215.814
NCQ43,OUT049,1637.868
FDU60,OUT010,169.1132
NCO29,OUT045,1315.6208
FDH48,OUT010,173.108
FDB14,OUT027,3075.996
FDV32,OUT045,1201.769
FDV22,OUT013,2503.408
NCX42,OUT035,2631.2416
FDV59,OUT035,3483.4656
NCB31,OUT049,3418.883
FDG46,OUT019,113.8518
FDS35,OUT013,2002.0606
FDL24,OUT035,3103.9596
NCX06,OUT027,5070.7328
FDW46,OUT035,2218.4456
FDU07,OUT045,1662.5026
FDG32,OUT019,889.5088
FDK10,OUT027,3415.554
FDT09,OUT017,3559.3668
FDW22,OUT049,5764.4964
FDM60,OUT013,1015.345
FDL21,OUT019,79.896
FDM36,OUT035,2931.5174
NCS05,OUT045,2782.3782
FDH48,OUT018,778.986
NCJ31,OUT027,4579.3724
FDX08,OUT049,2165.1816
FDN22,OUT013,3775.086
FDX38,OUT010,47.9376
NCF42,OUT035,2109.2544
NCX06,OUT017,3803.0496
FDU59,OUT013,2111.9176
FDG17,OUT027,8063.5038
FDU20,OUT035,2530.7058
FDD57,OUT035,1332.9316
FDD46,OUT013,3691.1952
NCM26,OUT049,2450.144
FDB28,OUT010,790.9704
DRI49,OUT018,1218.414
FDG24,OUT027,1331.6
NCN26,OUT035,3866.9664
FDO39,OUT027,5880.3456
FDJ34,OUT027,1001.3632
FDQ39,OUT045,1719.7614
FDZ51,OUT049,3046.7008
FDG40,OUT010,67.9116
DRD24,OUT027,2694.4926
FDY04,OUT018,978.726
FDP33,OUT013,2045.3376
NCP54,OUT017,2093.941
FDJ36,OUT010,205.0664
FDJ12,OUT045,4154.592
FDL48,OUT035,534.6374
FDW46,OUT019,65.2484
FDT21,OUT013,1245.046
FDI08,OUT018,2988.1104
FDN23,OUT035,3338.3212
FDZ14,OUT027,3998.7948
FDM09,OUT018,1358.232
FDM36,OUT013,517.3266
FDP40,OUT019,111.8544
FDN23,OUT045,2612.5992
DRI03,OUT035,4250.4672
FDL08,OUT045,1225.072
FDS13,OUT019,1324.942
NCQ05,OUT045,4363.6532
FDR49,OUT013,575.2512
FDA07,OUT010,122.5072
FDO45,OUT046,1494.0552
FDP13,OUT019,79.896
FDR02,OUT010,222.3772
NCP42,OUT045,2324.9736
FDJ27,OUT049,2546.685
FDQ31,OUT035,1406.1696
FDP40,OUT013,1230.3984
FDS32,OUT035,1264.3542
NCT54,OUT017,666.4658
FDH02,OUT045,996.0368
FDU12,OUT010,527.3136
FDE46,OUT035,1662.5026
DRJ51,OUT049,1842.9344
FDF14,OUT017,1837.608
FDE38,OUT027,4476.1734
FDD53,OUT010,83.8908
FDR36,OUT045,838.908
FDY37,OUT035,3292.381
FDV35,OUT049,2326.971
NCL07,OUT046,639.168
FDS58,OUT046,4653.2762
FDB08,OUT018,1765.0358
FDU03,OUT018,1277.0044
FDW02,OUT019,250.3408
FDP31,OUT018,383.5008
FDB14,OUT035,2982.784
FDZ22,OUT045,665.8
FDS28,OUT049,744.3644
DRJ24,OUT018,370.1848
NCL55,OUT019,759.012
FDK36,OUT046,1458.102
FDL58,OUT018,6327.7632
FDY25,OUT018,3984.1472
FDH20,OUT017,868.869
FDS24,OUT035,1151.1682
FDR59,OUT049,2616.594
FDW57,OUT049,3896.2616
FDU55,OUT049,7549.5062
FDF33,OUT018,1833.6132
FDN16,OUT046,1960.781
FDX02,OUT046,4950.8888
FDO23,OUT035,1418.154
FDF47,OUT013,3365.619
FDX55,OUT035,5007.4818
NCW05,OUT049,2787.0388
FDN39,OUT027,5033.448
FDZ20,OUT045,6358.39
FDB49,OUT046,492.692
FDQ57,OUT027,3368.948
NCR06,OUT013,639.168
DRJ13,OUT035,4332.3606
FDC35,OUT010,621.1914
FDH45,OUT019,123.8388
NCS54,OUT035,3705.177
FDA40,OUT017,263.6568
FDU13,OUT049,2501.4106
NCV18,OUT045,2496.75
FDH04,OUT018,1629.8784
FDH32,OUT027,2220.443
NCV30,OUT010,126.502
FDA15,OUT045,5976.2208
FDO08,OUT019,657.8104
FDS37,OUT010,115.8492
FDN27,OUT027,3866.9664
FDN46,OUT018,1845.5976
FDR35,OUT046,5773.1518
NCF30,OUT046,3900.9222
FDY33,OUT046,2705.1454
FDV57,OUT018,3056.022
DRG36,OUT045,4106.6544
FDT09,OUT045,2241.0828
FDL02,OUT046,3705.177
FDL27,OUT046,1162.4868
FDB15,OUT035,4218.5088
FDW49,OUT019,895.501
DRH37,OUT049,1315.6208
FDF56,OUT017,3078.6592
FDX08,OUT045,1263.0226
FDG38,OUT013,3579.3408
NCO41,OUT046,2167.8448
FDE21,OUT027,3823.0236
FDS03,OUT019,258.3304
FDC46,OUT035,2950.8256
FDU25,OUT018,926.7936
FDQ10,OUT035,5345.7082
DRF13,OUT018,1161.1552
FDO31,OUT017,1118.544
DRK47,OUT045,2055.3246
FDN44,OUT027,4314.384
FDX23,OUT035,378.1744
FDH60,OUT049,5106.686
FDO25,OUT049,2097.27
FDV33,OUT046,1808.3128
FDA15,OUT018,5976.2208
FDS13,OUT017,1059.9536
DRY23,OUT035,426.112
DRD24,OUT017,1701.7848
FDF56,OUT019,543.2928
FDS08,OUT035,1587.933
FDG33,OUT045,2233.0932
NCV17,OUT046,3016.7398
FDS28,OUT027,1374.2112
FDV09,OUT046,2078.6276
FDU51,OUT018,6729.9064
NCO14,OUT035,133.8258
FDZ38,OUT013,3793.7284
FDI15,OUT019,529.9768
FDC38,OUT045,1192.4478
FDL43,OUT017,1454.773
NCR54,OUT013,2553.343
NCA53,OUT018,777.6544
FDC33,OUT018,2759.0752
FDB38,OUT035,3994.8
DRH39,OUT046,1607.907
FDV07,OUT049,663.1368
NCP55,OUT010,55.2614
FDW26,OUT010,667.1316
DRM23,OUT013,2931.5174
FDH28,OUT019,37.9506
FDG05,OUT046,2972.797
FDB45,OUT018,1149.8366
FDG40,OUT046,645.1602
DRO35,OUT049,4054.722
FDX12,OUT035,6507.5292
NCM17,OUT018,1070.6064
NCP30,OUT045,707.0796
FDR31,OUT027,3207.8244
FDM39,OUT027,8417.7094
DRN11,OUT045,3628.61
FDP16,OUT049,7370.406
FDS24,OUT049,265.6542
NCJ30,OUT013,2376.906
DRE60,OUT013,3621.952
FDX51,OUT049,2348.9424
FDL40,OUT019,289.623
FDE14,OUT035,2596.62
FDR60,OUT046,1158.492
FDV38,OUT018,1201.1032
FDP03,OUT049,1733.7432
FDM13,OUT013,262.3252
DRA59,OUT017,2406.2012
FDH12,OUT049,1065.28
FDE16,OUT027,6668.6528
FDZ15,OUT013,1906.8512
DRD37,OUT049,1398.18
DRN36,OUT027,2588.6304
NCM55,OUT046,3516.7556
FDV14,OUT049,703.0848
FDU01,OUT019,555.2772
FDR19,OUT049,1603.9122
FDB50,OUT049,778.986
NCO29,OUT049,986.7156
FDU19,OUT018,3448.844
DRF49,OUT035,1366.2216
FDD08,OUT049,834.9132
FDX45,OUT046,2816.334
FDJ14,OUT046,1278.336
DRF23,OUT010,174.4396
FDP49,OUT013,442.0912
DRJ24,OUT013,5367.6796
NCQ06,OUT027,6630.0364
FDO58,OUT035,2631.2416
FDT25,OUT013,3185.1872
DRQ35,OUT049,1857.582
NCI54,OUT019,436.7648
FDY02,OUT017,4733.838
FDP34,OUT018,2659.871
DRG23,OUT013,762.341
FDV57,OUT049,2336.958
FDM24,OUT027,1813.6392
FDQ03,OUT013,2133.2232
FDP31,OUT017,639.168
FDS45,OUT013,3281.7282
FDG47,OUT017,2885.5772
FDC03,OUT035,3316.3498
NCV53,OUT010,719.064
FDN20,OUT017,3705.8428
DRD01,OUT035,828.921
DRF25,OUT013,1098.57
NCM31,OUT046,1418.154
NCQ18,OUT035,2496.75
FDA22,OUT035,4512.1266
FDA47,OUT017,2773.057
FDU38,OUT027,7478.2656
FDX21,OUT010,109.1912
FDX27,OUT013,2174.5028
NCK18,OUT049,2972.1312
NCK54,OUT017,2330.3
NCH43,OUT018,431.4384
FDO39,OUT045,2940.1728
NCF42,OUT013,2988.1104
DRJ35,OUT013,484.7024
FDA21,OUT013,9069.5276
FDR56,OUT017,3350.3056
FDU19,OUT035,1724.422
FDT22,OUT018,1378.206
FDE53,OUT045,319.584
FDC52,OUT013,1956.1204
FDL25,OUT018,183.7608
FDW11,OUT017,866.8716
FDF02,OUT049,1031.99
NCG42,OUT045,1298.31
FDN21,OUT027,2416.854
FDA02,OUT018,866.8716
DRB13,OUT013,3605.307
NCL18,OUT035,2332.9632
NCO30,OUT035,918.804
FDC29,OUT013,1374.2112
NCB30,OUT010,595.2252
FDN60,OUT018,4436.8912
FDF35,OUT035,1179.1318
NCO05,OUT018,1970.768
NCY05,OUT027,1058.622
DRL11,OUT045,4102.6596
FDS25,OUT027,3426.2068
FDP11,OUT045,653.1498
NCI43,OUT035,1150.5024
FDH31,OUT027,2777.7176
FDW59,OUT046,1268.349
NCA30,OUT049,5105.3544
FDP44,OUT035,1537.998
FDM58,OUT046,2908.2144
NCS54,OUT027,6528.169
FDV26,OUT018,2731.1116
FDV23,OUT035,871.5322
NCM31,OUT017,2836.308
FDA31,OUT018,2250.404
NCC43,OUT049,4267.1122
DRK49,OUT046,446.7518
FDA13,OUT035,607.2096
FDT59,OUT049,4837.7028
FDO31,OUT018,559.272
FDT23,OUT045,1090.5804
FDV58,OUT049,1565.9616
FDT31,OUT049,2458.1336
FDB23,OUT045,5642.655
DRQ35,OUT045,1609.9044
FDJ09,OUT045,679.116
FDM27,OUT027,5522.811
FDB58,OUT035,3119.9388
FDF53,OUT013,4149.9314
FDV31,OUT010,176.437
NCZ41,OUT045,2127.8968
FDL33,OUT027,4697.8848
FDD09,OUT013,4889.6352
NCT18,OUT017,5070.7328
FDS15,OUT045,323.5788
FDG47,OUT010,262.3252
DRN47,OUT045,3595.32
FDB16,OUT045,1133.8574
FDO12,OUT017,3131.9232
FDC21,OUT017,1844.9318
FDD38,OUT035,2852.2872
FDQ36,OUT045,335.5632
FDQ10,OUT013,2931.5174
FDR04,OUT018,874.8612
FDK60,OUT035,1069.2748
FDF26,OUT018,2460.7968
FDR58,OUT013,1203.1006
DRQ35,OUT018,1114.5492
DRN59,OUT027,1304.968
NCX54,OUT046,2223.1062
FDX21,OUT045,1310.2944
FDW02,OUT013,2628.5784
FDW28,OUT010,195.7452
NCJ05,OUT046,3506.7686
FDR13,OUT018,1506.0396
FDR19,OUT046,4082.6856
FDN21,OUT013,3705.8428
NCF18,OUT018,5369.0112
FDS31,OUT049,3067.3406
DRD13,OUT045,639.168
FDB36,OUT027,2492.0894
FDU48,OUT010,263.6568
FDX57,OUT017,1458.102
FDJ55,OUT049,4500.808
FDM57,OUT017,671.1264
FDR34,OUT045,4580.704
FDW48,OUT045,1208.427
FDF32,OUT018,1384.1982
NCK29,OUT027,3572.017
FDB38,OUT046,1757.712
FDT24,OUT010,154.4656
DRE01,OUT010,484.7024
NCU54,OUT046,5452.902
FDR04,OUT027,2430.17
FDM39,OUT018,2328.3026
NCW30,OUT035,2848.9582
NCQ06,OUT013,2550.014
NCQ17,OUT017,2503.408
FDS16,OUT049,4540.756
FDP49,OUT046,1547.3192
FDI28,OUT013,1743.0644
FDZ12,OUT013,4008.116
DRE60,OUT045,7696.648
NCK53,OUT018,2678.5134
FDE08,OUT027,4602.6754
FDI60,OUT010,126.502
FDP03,OUT035,2848.2924
FDQ26,OUT049,711.0744
FDF45,OUT049,1640.5312
FDM45,OUT046,2423.512
FDT28,OUT013,2106.5912
FDJ52,OUT017,1765.0358
FDS25,OUT046,2542.0244
FDZ45,OUT018,3968.168
FDV48,OUT017,1414.1592
FDK20,OUT046,2450.144
FDW07,OUT046,796.9626
FDG32,OUT013,2001.3948
NCI43,OUT018,575.2512
FDQ32,OUT027,2972.1312
FDQ55,OUT027,2994.7684
FDY24,OUT049,1995.4026
FDM03,OUT027,2036.6822
FDA50,OUT035,2220.443
NCO30,OUT019,551.2824
FDQ34,OUT018,1482.0708
FDH44,OUT045,3825.6868
FDH44,OUT010,294.2836
DRK49,OUT035,771.6622
NCB19,OUT017,1631.8758
FDX19,OUT045,2103.2622
DRJ11,OUT013,1701.7848
FDZ57,OUT018,1413.4934
NCL54,OUT045,3502.108
NCI17,OUT018,1061.951
FDB26,OUT027,1544.656
FDC48,OUT035,1403.5064
NCV06,OUT027,7168.6686
NCK17,OUT045,519.324
FDO13,OUT019,493.3578
DRJ11,OUT018,3592.6568
FDH50,OUT046,2766.399
FDA58,OUT046,942.7728
DRE49,OUT049,2428.8384
FDA56,OUT046,4264.449
FDW25,OUT046,852.224
FDG26,OUT045,3844.995
FDY20,OUT049,1358.232
FDY45,OUT049,5086.712
DRI39,OUT010,226.372
FDV38,OUT017,928.1252
NCQ05,OUT049,2708.4744
FDP44,OUT049,1743.0644
FDH47,OUT013,1846.9292
FDK43,OUT018,1265.02
FDS43,OUT045,1864.24
FDA50,OUT049,1544.656
DRE37,OUT046,1323.6104
FDE41,OUT019,253.6698
FDT40,OUT027,2543.356
NCO43,OUT046,3339.6528
FDX51,OUT046,3523.4136
NCY17,OUT013,1070.6064
NCZ17,OUT018,493.3578
FDW26,OUT046,3558.0352
FDH58,OUT046,3109.9518
FDP21,OUT018,2458.1336
NCY29,OUT045,679.116
FDC02,OUT046,7028.8506
NCT42,OUT049,1491.392
NCP17,OUT049,1534.0032
FDL56,OUT027,3139.9128
FDU03,OUT035,3831.0132
FDA04,OUT027,5697.9164
FDH19,OUT027,7298.4996
FDK58,OUT049,3137.2496
FDA03,OUT027,3499.4448
FDK22,OUT010,432.77
NCH07,OUT017,1426.1436
FDJ58,OUT013,4466.1864
FDF16,OUT013,2808.3444
FDI16,OUT035,905.488
FDM56,OUT013,873.5296
FDY13,OUT049,1531.34
DRF01,OUT019,291.6204
NCS05,OUT049,927.4594
NCG43,OUT013,1018.0082
FDW35,OUT049,419.454
FDQ11,OUT035,5396.9748
NCN07,OUT035,1318.284
DRN11,OUT049,2467.4548
DRK13,OUT027,3372.9428
FDR31,OUT049,4374.306
DRL60,OUT010,457.4046
FDS27,OUT046,589.233
NCN17,OUT018,904.8222
NCG07,OUT045,2656.542
FDD21,OUT013,4122.6336
FDY33,OUT027,5887.6694
NCA05,OUT013,2969.468
FDS27,OUT013,2553.343
FDU50,OUT017,1259.6936
DRI23,OUT035,3209.156
FDQ26,OUT018,711.0744
FDM46,OUT049,1677.816
FDN12,OUT013,2572.6512
NCD19,OUT013,994.7052
FDV52,OUT018,2828.3184
FDO19,OUT027,2187.153
FDL39,OUT049,2345.6134
NCH06,OUT018,492.692
FDW22,OUT027,6207.9192
FDV25,OUT049,5747.1856
FDS51,OUT046,433.4358
FDS13,OUT046,3709.8376
FDV60,OUT018,2356.932
FDN57,OUT045,1701.7848
DRD25,OUT046,2376.906
FDI52,OUT013,2450.144
FDX31,OUT010,467.3916
DRH23,OUT019,110.5228
NCA18,OUT045,579.246
FDT12,OUT010,225.7062
FDC48,OUT046,2559.3352
NCG30,OUT045,1120.5414
FDV33,OUT045,4133.2864
FDA47,OUT045,1304.968
NCV06,OUT045,1356.2346
FDY31,OUT017,1765.7016
FDR31,OUT013,2916.204
FDQ22,OUT045,314.2576
NCT17,OUT027,6029.4848
FDG29,OUT046,419.454
NCR18,OUT018,255.6672
FDE53,OUT010,426.112
FDL34,OUT013,3387.5904
FDM04,OUT018,512.666
DRO59,OUT019,75.9012
NCH54,OUT027,3675.216
FDR19,OUT017,2770.3938
NCQ43,OUT046,1528.6768
FDY56,OUT019,677.1186
FDY11,OUT018,856.8846
FDB04,OUT019,351.5424
FDG57,OUT018,874.8612
NCW18,OUT049,2133.2232
FDX57,OUT018,1263.6884
FDA23,OUT035,2428.8384
FDM45,OUT035,2302.3364
FDQ20,OUT013,284.2966
FDS46,OUT049,2621.9204
FDN56,OUT049,3323.0078
DRQ35,OUT035,3715.164
NCA18,OUT046,1621.8888
FDQ07,OUT049,6189.2768
NCE54,OUT018,1880.885
NCQ41,OUT013,1950.794
FDR10,OUT035,3086.6488
FDX21,OUT027,2074.6328
NCP14,OUT013,3658.571
FDD05,OUT049,1687.1372
FDD52,OUT018,1867.569
FDQ08,OUT019,61.2536
NCM05,OUT046,9779.9362
FDW52,OUT017,4769.1254
DRE25,OUT035,1118.544
FDE51,OUT035,312.2602
FDQ31,OUT027,966.7416
FDI38,OUT046,3520.0846
FDR56,OUT027,7094.7648
FDE11,OUT019,185.0924
FDB26,OUT046,692.432
FDE10,OUT018,1180.4634
FDN60,OUT045,2535.3664
FDC04,OUT045,2900.2248
FDX32,OUT035,1733.7432
FDX50,OUT017,1105.228
DRD60,OUT035,1999.3974
FDM02,OUT010,87.2198
FDU26,OUT017,1668.4948
FDB22,OUT027,2768.3964
NCX05,OUT018,579.246
FDJ57,OUT010,185.7582
NCG07,OUT013,3795.06
FDK02,OUT019,479.376
FDS24,OUT045,1416.8224
FDW23,OUT045,540.6296
FDX22,OUT045,2103.928
FDD39,OUT018,6275.165
FDM52,OUT035,2364.9216
FDO23,OUT045,2174.5028
FDO52,OUT027,2566.659
NCQ29,OUT019,1041.3112
FDQ45,OUT019,367.5216
DRI39,OUT018,1018.674
FDU24,OUT049,2050.664
FDP04,OUT049,958.752
FDX58,OUT010,549.285
FDZ15,OUT017,1191.782
DRA12,OUT035,992.7078
FDJ32,OUT045,183.7608
FDO22,OUT018,239.688
FDT08,OUT045,2097.27
DRJ01,OUT027,2255.7304
FDR23,OUT027,6351.732
NCE42,OUT046,3271.7412
FDZ33,OUT027,3842.9976
FDB53,OUT035,3877.6192
FDR20,OUT017,1086.5856
FDT32,OUT019,565.2642
FDT24,OUT045,1390.1904
NCP41,OUT010,215.7192
FDF08,OUT035,1669.8264
FDQ39,OUT010,191.0846
NCI31,OUT049,768.999
FDF20,OUT010,394.1536
FDK08,OUT018,1113.2176
FDK08,OUT013,1619.2256
FDY49,OUT046,4623.3152
FDA13,OUT049,341.5554
FDV56,OUT013,323.5788
FDK33,OUT019,213.056
FDE26,OUT049,1011.3502
FDC02,OUT013,3644.5892
FDR26,OUT045,1062.6168
FDT32,OUT018,1695.7926
NCG42,OUT035,3635.268
FDG26,OUT018,2050.664
FDC58,OUT018,878.856
FDT13,OUT017,3956.8494
FDJ02,OUT017,2354.2688
FDC17,OUT018,2735.1064
NCA30,OUT010,567.2616
FDU12,OUT027,7646.0472
FDJ44,OUT045,3139.9128
NCT05,OUT046,767.0016
FDF53,OUT035,3067.3406
FDG21,OUT019,149.805
FDU10,OUT018,484.7024
FDL51,OUT018,1286.3256
FDE57,OUT027,4538.0928
FDJ20,OUT049,1238.388
FDS15,OUT017,2588.6304
FDA04,OUT035,4920.9278
FDI07,OUT019,395.4852
NCF42,OUT046,2812.3392
FDR31,OUT046,1895.5326
FDO24,OUT045,3010.7476
FDP27,OUT045,4364.319
FDY25,OUT017,5070.7328
FDH16,OUT013,1258.362
NCN05,OUT049,3661.9
FDE58,OUT049,1540.6612
FDU55,OUT018,2342.9502
NCI42,OUT046,3125.931
DRD13,OUT027,3068.0064
FDN34,OUT049,2367.5848
FDW32,OUT035,1545.9876
FDD17,OUT017,2614.5966
DRG01,OUT013,918.804
FDU07,OUT046,1813.6392
FDQ15,OUT049,2030.69
FDX52,OUT017,3089.312
FDJ04,OUT018,355.5372
FDB37,OUT035,7931.6754
FDH45,OUT049,784.3124
NCD30,OUT045,1272.3438
FDM39,OUT010,358.2004
FDP03,OUT010,495.3552
DRE15,OUT017,1442.1228
FDK16,OUT035,856.8846
NCO06,OUT013,305.6022
NCM07,OUT017,1593.9252
FDN33,OUT027,2363.59
FDV10,OUT045,852.224
NCI31,OUT027,842.237
FDY55,OUT019,256.9988
FDH56,OUT035,810.9444
FDO19,OUT049,1166.4816
FDT51,OUT013,1677.816
FDZ59,OUT027,4161.25
NCM31,OUT018,1843.6002
FDX03,OUT049,996.0368
NCR38,OUT017,3775.086
FDL34,OUT017,3246.4408
FDZ35,OUT045,1754.383
FDE04,OUT045,2336.958
DRG23,OUT049,1219.7456
DRK12,OUT027,898.83
FDP36,OUT017,860.2136
FDF46,OUT045,1267.0174
DRM23,OUT035,1379.5376
FDR51,OUT017,2708.4744
NCD31,OUT010,164.4526
FDH52,OUT027,1733.7432
FDW49,OUT018,1253.7014
FDP27,OUT027,5313.084
FDP10,OUT035,1905.5196
NCK05,OUT046,735.0432
FDU13,OUT045,1029.9926
NCR41,OUT027,4189.2136
FDZ22,OUT019,83.225
FDE11,OUT049,2221.1088
NCM54,OUT027,4832.3764
NCI54,OUT017,1637.868
FDW55,OUT035,6723.2484
NCS54,OUT010,352.874
FDI05,OUT046,1128.531
FDR40,OUT049,402.809
FDK33,OUT027,4261.12
NCD19,OUT046,939.4438
FDV38,OUT010,163.7868
FDR33,OUT049,2087.283
DRL59,OUT035,1240.3854
NCF07,OUT017,1113.2176
FDW48,OUT019,161.1236
FDK26,OUT035,4287.752
NCO26,OUT045,1506.0396
FDU45,OUT049,1821.6288
NCB07,OUT010,589.233
FDC53,OUT035,2266.3832
FDZ50,OUT027,6064.1064
FDK26,OUT019,1304.968
FDN12,OUT018,1454.1072
NCH55,OUT019,379.506
FDH08,OUT019,459.402
FDN10,OUT027,2844.2976
FDZ39,OUT046,1031.99
FDT26,OUT049,1797.66
FDP37,OUT045,2184.4898
DRG36,OUT046,2395.5484
FDS60,OUT013,1438.128
FDW20,OUT027,2463.46
FDW47,OUT019,365.5242
DRE48,OUT045,1576.6144
NCE06,OUT010,323.5788
DRD60,OUT046,5634.6654
FDO31,OUT013,1757.712
FDB17,OUT046,4165.2448
FDP59,OUT010,207.7296
FDJ44,OUT035,1569.9564
DRM11,OUT013,2863.6058
FDH26,OUT035,1552.6456
FDG46,OUT049,1366.2216
FDU44,OUT027,3086.6488
NCM05,OUT049,3964.839
DRM35,OUT035,3033.3848
FDJ48,OUT017,2470.118
DRK47,OUT018,3197.1716
NCS42,OUT017,729.7168
DRH15,OUT018,790.9704
FDS20,OUT017,2918.8672
FDU25,OUT035,1737.738
FDO13,OUT017,1973.4312
FDN45,OUT035,6040.1376
NCO42,OUT049,1749.7224
FDA19,OUT010,128.4994
FDW34,OUT013,5346.374
FDM50,OUT018,539.298
FDF45,OUT013,1464.76
FDP39,OUT010,415.4592
NCA05,OUT046,2524.0478
NCZ17,OUT046,796.9626
FDK51,OUT027,3179.8608
FDA56,OUT013,2071.3038
FDQ15,OUT013,1868.2348
NCL19,OUT049,2719.793
NCS38,OUT027,1030.6584
FDD04,OUT045,1418.154
NCR53,OUT019,675.1212
NCB18,OUT010,442.757
FDL52,OUT019,37.9506
FDU24,OUT019,93.212
FDJ45,OUT013,934.7832
FDF56,OUT010,724.3904
FDW47,OUT013,3533.4006
DRF36,OUT045,3630.6074
FDD08,OUT017,796.9626
FDR08,OUT045,2223.772
NCQ30,OUT045,487.3656
DRG11,OUT045,1186.4556
NCO18,OUT017,3910.9092
NCA30,OUT035,3592.6568
FDO45,OUT018,615.1992
FDE35,OUT010,58.5904
FDY36,OUT027,1171.808
FDQ09,OUT027,4376.9692
FDU44,OUT049,5198.5664
FDY28,OUT013,1496.0526
NCN29,OUT017,145.8102
FDQ28,OUT017,1390.1904
FDK41,OUT045,852.224
FDH05,OUT027,6024.1584
FDU56,OUT027,8114.7704
NCL29,OUT049,4436.8912
FDW38,OUT046,862.8768
NCU18,OUT013,3952.1888
FDQ24,OUT017,6795.1548
FDM15,OUT035,1813.6392
NCV53,OUT013,5512.824
NCU05,OUT027,241.6854
NCF07,OUT035,1922.8304
NCN42,OUT027,3825.6868
FDZ58,OUT049,2450.144
FDD28,OUT049,1113.2176
FDV10,OUT019,42.6112
FDA21,OUT046,1665.8316
FDQ08,OUT027,2266.3832
FDD09,OUT027,6157.3184
NCA06,OUT017,1061.951
FDC16,OUT045,865.54
FDV46,OUT046,1398.18
FDD35,OUT045,2277.036
FDV01,OUT045,3568.0222
FDA02,OUT046,1589.2646
FDM28,OUT019,179.766
FDX21,OUT018,982.7208
FDX02,OUT035,1350.2424
FDU21,OUT045,543.2928
FDW13,OUT013,882.8508
FDX20,OUT045,452.744
FDS11,OUT035,5816.4288
FDD11,OUT027,3036.048
FDA32,OUT046,1078.596
NCN07,OUT046,1054.6272
FDV07,OUT018,2763.07
FDG24,OUT035,1331.6
FDT39,OUT049,1964.7758
FDW38,OUT017,1240.3854
DRI23,OUT018,3530.0716
FDN31,OUT045,2656.542
FDT36,OUT045,846.8976
NCH18,OUT049,2456.802
FDG33,OUT049,3263.7516
FDX56,OUT018,4141.276
FDZ08,OUT013,743.0328
NCN29,OUT045,680.4476
NCE18,OUT045,4244.475
FDQ52,OUT035,5960.2416
FDZ39,OUT017,1135.189
FDL20,OUT019,222.3772
FDB40,OUT027,4374.306
NCJ42,OUT027,1743.0644
FDU25,OUT017,1332.2658
DRG03,OUT046,4921.5936
FDX03,OUT045,633.8416
FDX31,OUT027,5375.0034
FDL36,OUT027,1438.128
FDK56,OUT035,2619.2572
NCD43,OUT019,210.3928
FDJ28,OUT046,3078.6592
FDK04,OUT027,1145.176
DRL37,OUT017,649.155
FDQ55,OUT018,1612.5676
FDG22,OUT027,768.999
FDN34,OUT017,2536.698
FDX20,OUT018,3848.324
FDR02,OUT045,3558.0352
NCE55,OUT017,2117.244
FDZ38,OUT017,5863.0348
FDH17,OUT017,1272.3438
DRL47,OUT045,1887.543
FDY59,OUT018,647.8234
DRH01,OUT027,3649.2498
DRG49,OUT045,7086.1094
NCJ17,OUT010,170.4448
FDT26,OUT046,2396.88
FDD35,OUT035,2636.568
FDR14,OUT013,269.649
NCU18,OUT035,2681.8424
FDY47,OUT045,1298.31
FDY22,OUT017,2588.6304
FDL15,OUT018,1829.6184
FDI02,OUT035,3263.0858
NCY29,OUT018,452.744
FDJ55,OUT010,1575.2828
FDB51,OUT035,751.0224
NCQ53,OUT046,8508.924
FDL10,OUT049,2579.3092
NCH54,OUT019,159.792
NCK29,OUT013,1231.73
NCF19,OUT017,680.4476
FDD59,OUT017,958.752
FDB32,OUT035,2816.334
NCO26,OUT013,2316.984
FDG56,OUT045,918.804
FDA25,OUT017,1651.184
FDR43,OUT046,366.19
DRC27,OUT045,1474.0812
FDX44,OUT018,1249.0408
FDY32,OUT045,3914.904
FDX56,OUT046,3520.0846
FDY25,OUT013,3440.8544
FDH27,OUT049,1150.5024
NCQ06,OUT049,3315.0182
FDZ34,OUT046,3861.64
FDQ55,OUT045,1382.2008
NCO06,OUT010,67.9116
FDT34,OUT017,1472.7496
FDV15,OUT019,311.5944
DRF37,OUT019,788.973
FDY27,OUT013,4103.9912
NCX53,OUT013,3545.385
FDR49,OUT035,383.5008
FDN48,OUT045,2113.2492
FDG12,OUT019,120.5098
FDE36,OUT027,5404.9644
NCF31,OUT018,1821.6288
FDA39,OUT017,1060.6194
FDG53,OUT035,2237.088
DRI39,OUT017,679.116
DRB13,OUT035,569.259
FDR24,OUT017,1258.362
FDG57,OUT013,972.068
FDB50,OUT045,2648.5524
FDY16,OUT045,1844.266
FDS52,OUT045,607.2096
DRI23,OUT049,1604.578
FDP19,OUT013,2066.6432
FDA15,OUT017,5976.2208
FDD53,OUT049,503.3448
FDE20,OUT049,4074.696
FDR57,OUT035,1414.1592
FDX11,OUT013,4180.5582
FDI58,OUT017,1864.24
FDR47,OUT049,1560.6352
FDK20,OUT019,122.5072
FDA03,OUT046,2187.153
FDN21,OUT019,322.2472
FDY10,OUT046,2519.3872
DRJ25,OUT018,443.4228
FDE39,OUT045,3456.1678
FDL13,OUT049,3029.39
FDY12,OUT013,657.8104
FDK44,OUT035,1911.5118
NCE30,OUT019,1061.951
FDW24,OUT049,972.068
FDB12,OUT035,2388.8904
DRG49,OUT018,2199.1374
FDY50,OUT027,3301.0364
FDL10,OUT018,1686.4714
FDX36,OUT046,3375.606
FDW01,OUT019,152.4682
FDW50,OUT018,1504.0422
FDV22,OUT018,3129.26
NCK30,OUT018,2283.0282
FDT48,OUT027,793.6336
FDD57,OUT010,95.2094
FDH12,OUT019,319.584
FDS02,OUT027,5852.382
NCR54,OUT019,196.411
FDK44,OUT027,2954.1546
FDQ57,OUT035,1611.236
FDH33,OUT018,1274.3412
FDP07,OUT046,392.822
FDU25,OUT027,1737.738
FDT56,OUT010,405.4722
FDW39,OUT018,1411.496
FDD10,OUT017,1962.7784
DRC36,OUT017,4377.635
FDQ10,OUT027,5000.8238
NCD42,OUT049,872.8638
FDM58,OUT027,3914.904
FDI15,OUT017,2384.8956
FDM52,OUT046,2808.3444
DRI11,OUT010,115.1834
FDT09,OUT035,1186.4556
FDG20,OUT010,177.1028
FDY33,OUT049,1750.3882
DRG37,OUT049,3739.1328
FDB20,OUT049,1324.2762
FDK20,OUT013,5022.7952
DRD24,OUT018,1701.7848
FDP28,OUT046,4175.8976
FDM20,OUT018,3185.1872
FDM45,OUT017,2181.1608
FDA10,OUT017,1225.072
DRK35,OUT046,569.259
NCU42,OUT035,4211.185
FDD58,OUT035,798.96
FDP33,OUT046,5113.344
FDE50,OUT027,2253.0672
FDX27,OUT046,1323.6104
DRC36,OUT035,1225.7378
NCT05,OUT018,4857.6768
NCU05,OUT018,966.7416
DRF51,OUT018,265.6542
FDK41,OUT013,852.224
FDO23,OUT027,2269.0464
FDZ22,OUT049,2080.625
FDE16,OUT018,5001.4896
NCV30,OUT027,2150.534
FDR58,OUT018,1018.0082
FDU02,OUT046,3435.528
NCJ05,OUT017,1677.1502
FDZ16,OUT013,5812.434
NCI55,OUT035,2314.9866
FDK40,OUT045,3681.874
FDH44,OUT046,882.8508
FDZ57,OUT017,642.497
FDB58,OUT013,3119.9388
FDU21,OUT013,169.779
FDG32,OUT035,1779.0176
FDE41,OUT035,930.1226
FDU12,OUT046,5800.4496
FDP24,OUT046,1090.5804
NCQ06,OUT019,255.0014
DRD60,OUT018,1817.634
FDJ60,OUT045,2641.8944
FDE36,OUT035,3275.736
FDT32,OUT049,2826.321
FDB52,OUT049,3068.0064
NCA17,OUT018,4026.7584
FDH28,OUT018,531.3084
FDR12,OUT013,3779.0808
FDW49,OUT013,2865.6032
NCW53,OUT049,2693.8268
FDW09,OUT013,792.302
FDS09,OUT045,1062.6168
FDX22,OUT035,4418.2488
NCK19,OUT035,774.9912
FDM36,OUT046,3448.844
FDO25,OUT010,419.454
FDH04,OUT046,1267.6832
DRF36,OUT027,9554.23
NCZ54,OUT019,162.4552
FDO31,OUT027,1997.4
FDX45,OUT018,2816.334
FDO20,OUT046,4794.4258
NCG19,OUT013,2812.3392
FDS15,OUT046,2912.2092
FDF05,OUT017,5259.82
FDS57,OUT017,3006.087
FDF38,OUT013,406.138
FDY56,OUT010,225.7062
FDA27,OUT046,3579.3408
FDG31,OUT019,193.7478
FDK22,OUT018,649.155
FDH21,OUT010,158.4604
FDP28,OUT017,3131.9232
FDN50,OUT027,2609.936
FDV27,OUT019,177.1028
FDP52,OUT017,4823.721
FDE44,OUT035,739.038
FDB41,OUT018,614.5334
FDZ52,OUT046,778.3202
FDV07,OUT017,1547.3192
DRH36,OUT046,1416.8224
FDC41,OUT046,1837.608
FDR48,OUT010,455.4072
NCG06,OUT013,4637.9628
FDU44,OUT019,487.3656
FDG50,OUT018,1185.7898
FDD03,OUT017,1864.24
FDT07,OUT018,3844.995
NCQ42,OUT017,1907.517
FDA07,OUT027,4532.7664
FDG33,OUT019,171.7764
FDX44,OUT035,2051.9956
FDO32,OUT035,419.454
FDD11,OUT013,2277.036
FDV28,OUT046,271.6464
NCF18,OUT013,2876.256
FDY49,OUT019,495.3552
FDC11,OUT018,1427.4752
FDR01,OUT045,4777.7808
NCX54,OUT010,105.8622
FDA52,OUT027,4587.362
NCZ41,OUT017,2503.408
FDU15,OUT010,71.9064
FDI15,OUT035,8479.6288
DRI25,OUT027,607.8754
DRL60,OUT045,1677.1502
FDW50,OUT049,1504.0422
NCK05,OUT018,980.0576
NCR41,OUT046,2285.0256
FDY36,OUT019,146.476
FDC08,OUT013,3169.208
FDE11,OUT018,3516.7556
DRA12,OUT017,2552.6772
NCI42,OUT027,3751.1172
FDF17,OUT049,2946.165
DRL23,OUT049,1822.2946
FDW02,OUT045,2253.0672
FDT37,OUT035,2040.0112
FDW07,OUT049,1859.5794
FDF33,OUT027,1833.6132
DRY23,OUT049,980.0576
FDU25,OUT045,810.9444
FDF34,OUT010,595.2252
DRK01,OUT017,1607.2412
FDS37,OUT049,1853.5872
FDA44,OUT027,1754.383
DRB48,OUT027,1296.3126
DRL60,OUT018,1829.6184
FDI41,OUT027,4561.3958
NCV53,OUT017,6231.888
FDA27,OUT017,2045.3376
FDT07,OUT027,7433.657
FDE59,OUT017,251.6724
FDA50,OUT019,96.541
FDM36,OUT049,3448.844
FDJ27,OUT017,1528.011
FDC21,OUT013,1627.881
DRI51,OUT045,4637.9628
FDK22,OUT045,1947.465
NCL05,OUT019,216.385
FDE29,OUT013,1029.9926
FDY24,OUT013,647.1576
FDK21,OUT045,751.0224
FDO57,OUT019,160.4578
FDT43,OUT046,571.2564
DRB48,OUT013,667.7974
FDY02,OUT010,1314.955
FDH28,OUT017,759.012
FDR21,OUT049,1411.496
FDZ25,OUT013,1867.569
NCO41,OUT010,197.0768
FDB11,OUT049,2925.5252
NCN18,OUT018,1006.6896
FDL28,OUT035,3455.502
FDW13,OUT017,259.662
FDJ10,OUT049,1966.7732
FDT59,OUT018,2994.7684
NCX42,OUT017,1644.526
DRG51,OUT045,2302.3364
FDN38,OUT045,3254.4304
FDL58,OUT049,4745.8224
NCB06,OUT027,6391.68
FDZ12,OUT046,4294.41
DRH03,OUT018,1491.392
FDO03,OUT027,9390.4432
FDP21,OUT027,6239.8776
FDX34,OUT018,1807.647
NCP42,OUT019,387.4956
NCR29,OUT018,509.337
NCO42,OUT045,1603.9122
DRJ59,OUT045,502.0132
NCY54,OUT027,5000.8238
FDT13,OUT010,188.4214
FDZ02,OUT027,978.726
NCO53,OUT018,2940.1728
FDK08,OUT046,809.6128
NCM41,OUT045,838.908
FDG09,OUT035,4318.3788
FDT49,OUT013,2876.256
FDJ21,OUT017,4811.7366
FDZ12,OUT049,3006.087
FDG26,OUT035,5382.993
FDF47,OUT049,3589.9936
FDQ40,OUT010,175.7712
FDU57,OUT010,451.4124
FDT47,OUT049,1166.4816
FDF16,OUT049,1921.4988
FDX16,OUT035,1947.465
FDA20,OUT027,6338.416
FDB02,OUT013,3528.74
FDP31,OUT046,639.168
FDR09,OUT010,517.9924
FDX02,OUT013,5851.0504
DRI01,OUT027,5000.8238
FDZ19,OUT046,2988.1104
FDN32,OUT027,4979.5182
NCN06,OUT013,4586.0304
FDV47,OUT018,1014.6792
DRD49,OUT046,715.0692
NCH43,OUT017,1941.4728
FDY26,OUT046,7833.8028
FDJ16,OUT017,810.9444
FDZ21,OUT049,2799.689
FDK52,OUT049,1805.6496
FDU24,OUT046,1025.332
NCA42,OUT013,3169.208
FDY52,OUT017,980.0576
FDU28,OUT018,1695.7926
NCX18,OUT019,196.411
DRC13,OUT035,2956.152
FDQ36,OUT049,745.696
FDH53,OUT017,1155.8288
FDE21,OUT045,1737.738
FDV35,OUT018,3412.8908
FDD47,OUT010,852.224
FDZ23,OUT018,3169.208
FDI38,OUT010,621.1914
FDY27,OUT018,3211.8192
NCB55,OUT018,829.5868
FDU44,OUT018,3249.104
NCV42,OUT017,2431.5016
NCB31,OUT027,5522.811
FDI14,OUT027,1976.0944
FDV49,OUT049,4757.8068
NCC18,OUT027,2069.3064
FDU38,OUT017,2876.256
DRC25,OUT027,1374.2112
FDD53,OUT027,671.1264
FDN24,OUT027,1310.2944
FDI57,OUT018,5518.1504
FDA50,OUT017,1737.738
DRM59,OUT027,3229.7958
FDL40,OUT035,868.869
FDF09,OUT018,186.424
FDS21,OUT013,928.791
FDP12,OUT049,564.5984
FDL03,OUT027,4910.275
FDS19,OUT035,1138.518
FDY24,OUT010,161.7894
NCM06,OUT010,308.9312
FDM16,OUT018,1279.0018
FDT36,OUT010,176.437
FDH09,OUT017,473.3838
FDW23,OUT019,38.6164
NCG54,OUT018,1539.9954
FDO39,OUT049,4042.7376
FDZ52,OUT018,1667.829
FDU10,OUT013,633.8416
FDD53,OUT017,922.7988
FDL43,OUT049,535.969
FDB20,OUT045,467.3916
FDT43,OUT045,727.0536
FDP27,OUT013,4933.578
DRN59,OUT017,652.484
NCN14,OUT046,1837.608
FDT46,OUT018,607.2096
DRE27,OUT046,978.726
FDI07,OUT046,5141.3076
FDI12,OUT017,2548.6824
FDW19,OUT018,1757.712
FDH56,OUT045,2316.984
FDH20,OUT049,1255.033
NCO02,OUT027,2306.997
FDW02,OUT018,3629.9416
FDQ07,OUT018,2873.5928
FDY22,OUT046,3595.32
NCL30,OUT049,2173.1712
FDW23,OUT049,579.246
FDC22,OUT018,2703.148
FDS45,OUT019,317.5866
FDJ55,OUT018,2475.4444
DRG23,OUT046,1829.6184
NCT06,OUT045,1326.2736
FDY57,OUT046,1821.6288
FDS07,OUT013,1366.2216
FDZ35,OUT049,2373.577
FDT57,OUT013,1659.1736
FDZ20,OUT010,508.6712
FDL45,OUT027,4255.7936
FDR20,OUT035,1222.4088
NCC18,OUT017,1551.9798
FDP33,OUT018,3068.0064
FDR32,OUT045,5480.8656
FDM15,OUT046,1662.5026
FDU36,OUT027,2956.152
FDX13,OUT046,2490.092
FDH16,OUT046,988.713
FDU33,OUT019,45.9402
NCM06,OUT045,2934.8464
FDJ21,OUT018,2770.3938
NCY42,OUT013,3149.234
FDX57,OUT046,1846.9292
DRK11,OUT013,2982.784
DRI01,OUT018,5690.5926
FDN50,OUT018,745.696
NCQ38,OUT019,213.056
FDR12,OUT017,1030.6584
FDC08,OUT010,452.744
FDQ21,OUT013,3271.7412
FDT60,OUT046,3219.8088
FDQ15,OUT010,162.4552
NCQ50,OUT013,4488.1578
FDE47,OUT035,2614.5966
FDS32,OUT045,1966.7732
FDH09,OUT035,473.3838
FDI19,OUT035,4604.6728
NCV05,OUT017,1853.5872
NCC07,OUT046,1577.946
DRD01,OUT045,552.614
DRH01,OUT017,2432.8332
NCP06,OUT035,2569.3222
FDL24,OUT018,3448.844
FDH58,OUT018,1842.9344
FDR25,OUT018,6359.7216
NCL17,OUT017,2422.1804
FDW32,OUT010,171.7764
FDX35,OUT013,4098.6648
FDH58,OUT049,2073.3012
FDE11,OUT046,4257.1252
FDL08,OUT027,3675.216
FDA56,OUT045,1340.2554
DRE49,OUT045,2732.4432
NCR54,OUT046,1964.11
NCU18,OUT017,2681.8424
FDC20,OUT046,447.4176
FDV16,OUT013,679.116
FDW24,OUT019,48.6034
FDL08,OUT017,4655.2736
FDC41,OUT017,1301.639
FDA33,OUT035,3103.9596
NCL05,OUT013,605.878
NCF42,OUT010,527.3136
NCU53,OUT013,2155.1946
FDG41,OUT049,1657.842
FDC47,OUT035,5937.6044
FDK43,OUT017,2277.036
FDB34,OUT035,610.5386
FDK46,OUT010,259.662
FDD40,OUT045,1154.4972
FDX19,OUT049,2336.958
FDL12,OUT019,299.61
DRJ47,OUT046,2423.512
FDK25,OUT035,4379.6324
FDI19,OUT027,5816.4288
FDI56,OUT013,2006.7212
FDB26,OUT035,639.168
DRF27,OUT035,2143.876
DRC27,OUT049,5896.3248
FDB27,OUT027,5912.304
FDD36,OUT018,1777.686
DRG48,OUT049,1895.5326
FDU23,OUT013,3137.2496
NCU41,OUT013,3630.6074
FDG57,OUT010,194.4136
FDN15,OUT019,139.818
FDX37,OUT035,998.7
FDU08,OUT027,3868.9638
FDZ02,OUT017,587.2356
FDB34,OUT017,2006.0554
FDS47,OUT017,1406.1696
DRD25,OUT018,2263.72
FDX34,OUT049,1205.098
FDH02,OUT017,814.9392
FDK32,OUT045,3354.3004
FDP22,OUT045,1076.5986
DRE37,OUT019,189.0872
FDI10,OUT027,3448.844
FDR52,OUT010,382.1692
FDD35,OUT013,599.22
FDG38,OUT010,170.4448
FDZ10,OUT010,253.004
FDO37,OUT010,693.0978
FDW51,OUT018,2556.672
FDL34,OUT049,2681.8424
FDS43,OUT035,2237.088
FDS19,OUT017,1669.8264
FDY36,OUT046,1318.284
FDD21,OUT046,4695.2216
FDJ58,OUT018,2748.4224
FDB36,OUT046,3672.5528
FDM28,OUT010,179.766
NCN26,OUT045,703.0848
FDW28,OUT046,3327.6684
FDH26,OUT046,4093.3384
FDA45,OUT013,2117.244
DRF60,OUT018,5243.8408
DRK12,OUT045,732.38
FDU56,OUT046,2028.6926
FDS31,OUT019,180.4318
FDB21,OUT018,6042.135
FDK16,OUT018,1713.7692
DRF25,OUT045,659.142
FDQ36,OUT035,447.4176
FDW26,OUT035,4447.544
FDY26,OUT027,6775.1808
FDU59,OUT027,5685.932
FDB51,OUT045,1314.2892
FDJ48,OUT046,2964.1416
FDG57,OUT046,874.8612
NCO42,OUT018,1603.9122
DRJ39,OUT045,8323.8316
FDJ58,OUT019,858.882
FDR36,OUT035,545.2902
NCT06,OUT019,165.7842
FDQ12,OUT027,5972.226
DRE01,OUT046,5331.7264
FDM14,OUT035,759.6778
NCY17,OUT046,758.3462
FDM22,OUT027,1597.92
NCG30,OUT027,2863.6058
FDY33,OUT019,159.1262
NCQ42,OUT049,2924.8594
NCC07,OUT013,736.3748
NCH07,OUT019,316.9208
FDG02,OUT046,1904.188
NCP29,OUT046,703.0848
FDH26,OUT027,2399.5432
FDE34,OUT010,363.5268
NCM29,OUT045,1705.1138
FDC32,OUT045,1665.8316
FDO56,OUT010,351.5424
DRH36,OUT045,894.8352
NCK07,OUT049,3946.8624
FDB38,OUT018,2556.672
FDJ53,OUT027,2410.196
FDX40,OUT017,1312.9576
FDF29,OUT018,1817.634
FDD48,OUT018,1259.6936
NCP55,OUT017,939.4438
FDU31,OUT049,2821.6604
NCS17,OUT049,378.1744
FDA39,OUT010,78.5644
DRK59,OUT045,2812.3392
NCS06,OUT035,2366.919
DRC25,OUT010,171.7764
FDR34,OUT046,4809.7392
FDA47,OUT046,3588.662
FDL43,OUT027,3292.381
FDO21,OUT013,2025.3636
FDS03,OUT046,2002.0606
NCT42,OUT035,1640.5312
FDU20,OUT027,3374.2744
NCM07,OUT049,1006.6896
NCZ05,OUT035,1238.388
FDB02,OUT045,2999.429
NCG43,OUT046,832.9158
FDT20,OUT027,1235.7248
FDD41,OUT027,2090.612
FDN58,OUT013,4633.968
NCU06,OUT013,4364.319
FDX57,OUT027,2624.5836
FDK03,OUT045,4578.0408
NCB54,OUT018,2684.5056
FDW56,OUT046,5580.0698
NCL06,OUT049,5233.188
FDK38,OUT017,2375.5744
FDR10,OUT017,2599.2832
NCW54,OUT049,916.1408
DRN47,OUT027,3056.022
FDS39,OUT013,2707.1428
FDN04,OUT027,3747.1224
FDC16,OUT027,2510.066
FDU09,OUT027,3002.758
DRE25,OUT049,2609.936
NCR30,OUT045,372.848
FDZ01,OUT013,309.597
FDY40,OUT018,394.1536
FDE46,OUT019,604.5464
FDV47,OUT049,1860.2452
FDT09,OUT049,1713.7692
DRB13,OUT049,3605.307
NCD18,OUT027,8062.838
NCQ53,OUT045,6145.334
FDY60,OUT017,2157.192
FDS56,OUT049,524.6504
FDH09,OUT045,736.3748
NCT05,OUT013,4090.6752
FDN16,OUT017,2270.378
DRE48,OUT018,4138.6128
FDH04,OUT019,271.6464
FDB46,OUT049,4022.7636
FDV47,OUT017,591.8962
FDX26,OUT019,182.4292
FDU60,OUT035,2874.9244
NCP55,OUT045,1049.9666
FDO32,OUT045,838.908
FDQ01,OUT045,4845.0266
FDE09,OUT049,1436.7964
FDG26,OUT017,5382.993
NCH07,OUT035,3803.0496
FDR58,OUT045,1665.8316
FDG31,OUT035,904.1564
FDL32,OUT019,335.5632
FDL04,OUT046,2117.244
FDS40,OUT010,36.619
FDZ48,OUT045,1006.6896
NCA53,OUT046,1312.2918
NCQ05,OUT013,3460.8284
FDK25,OUT049,4211.185
FDV48,OUT013,785.644
FDO11,OUT046,6723.2484
FDN24,OUT046,1037.3164
NCP02,OUT010,296.281
FDI14,OUT018,846.8976
FDY04,OUT027,4567.388
NCJ54,OUT045,6041.4692
FDU35,OUT046,2396.88
NCU06,OUT019,1148.505
FDX25,OUT035,2736.438
FDL12,OUT046,2576.646
NCV42,OUT010,221.0456
NCJ18,OUT045,2133.2232
FDU34,OUT018,249.0092
FDE17,OUT045,2418.1856
FDC16,OUT018,865.54
FDH27,OUT045,1869.5664
FDO34,OUT045,2013.3792
FDD44,OUT049,6183.9504
NCX18,OUT010,392.822
NCB43,OUT017,2245.0776
FDJ44,OUT049,1395.5168
FDJ34,OUT013,1877.556
FDR20,OUT010,45.2744
FDU23,OUT027,2476.776
NCW53,OUT018,2886.243
FDA44,OUT018,1018.674
DRH36,OUT017,2162.5184
FDV51,OUT018,1492.0578
FDE51,OUT010,178.4344
FDO24,OUT027,4436.8912
FDM13,OUT017,1442.7886
FDB35,OUT013,1929.4884
NCL53,OUT035,4427.57
NCU29,OUT019,585.904
NCN19,OUT013,3415.554
NCG43,OUT010,277.6386
FDE46,OUT046,1813.6392
FDR27,OUT027,3047.3666
FDM39,OUT013,4477.505
NCP05,OUT017,2884.2456
NCB42,OUT045,1158.492
FDU58,OUT018,4677.245
DRH11,OUT013,497.3526
DRD37,OUT013,1304.968
DRA12,OUT018,850.8924
FDQ52,OUT017,4470.1812
FDH14,OUT010,280.9676
FDD50,OUT027,3889.6036
NCK07,OUT046,1808.9786
FDR52,OUT027,8789.8916
FDC10,OUT019,120.5098
FDX50,OUT018,1105.228
FDK45,OUT045,3395.58
FDD36,OUT010,118.5124
FDN27,OUT018,1054.6272
FDR14,OUT019,107.8596
FDG45,OUT017,5946.9256
NCH18,OUT010,982.7208
FDI20,OUT018,6331.758
FDW38,OUT018,377.5086
FDT31,OUT018,2458.1336
FDO27,OUT018,1534.0032
FDW38,OUT010,53.9298
FDI09,OUT049,2396.88
FDL52,OUT010,75.9012
FDM13,OUT035,2098.6016
FDV40,OUT035,739.038
FDP10,OUT013,1270.3464
FDU27,OUT013,287.6256
DRI01,OUT046,2586.633
FDK08,OUT010,202.4032
FDJ53,OUT035,1325.6078
FDR21,OUT017,2822.992
FDZ21,OUT017,1641.197
FDX49,OUT013,4660.6
FDU01,OUT027,4442.2176
DRD27,OUT013,1488.063
DRD15,OUT010,697.0926
FDJ12,OUT049,5400.9696
NCI18,OUT017,1346.2476
FDX24,OUT019,185.0924
FDZ43,OUT035,7028.1848
FDY11,OUT017,1120.5414
NCE43,OUT017,1874.8928
NCA29,OUT046,3593.3226
FDP16,OUT018,3193.8426
NCR30,OUT018,223.7088
FDI34,OUT046,3685.8688
FDZ15,OUT046,1787.673
FDD48,OUT045,2748.4224
NCC18,OUT010,1034.6532
FDI20,OUT027,4432.2306
FDK56,OUT013,3554.7062
FDH20,OUT018,1448.115
NCN54,OUT035,1235.7248
FDU34,OUT013,2365.5874
FDO50,OUT027,2940.1728
DRK11,OUT049,1938.8096
FDB60,OUT010,194.4136
DRE12,OUT013,1471.418
FDF41,OUT027,7883.072
DRD15,OUT049,3020.7346
FDR28,OUT049,2609.936
NCQ05,OUT019,451.4124
DRL37,OUT027,1211.756
FDZ10,OUT013,1897.53
FDB16,OUT013,610.5386
FDI20,OUT046,3165.879
NCH42,OUT017,6201.927
NCV41,OUT046,1989.4104
FDK34,OUT027,7150.692
NCO43,OUT017,708.4112
FDA55,OUT027,5592.72
FDC39,OUT018,3115.944
FDN08,OUT018,1296.3126
FDN38,OUT013,3504.7712
DRJ59,OUT013,308.9312
FDW03,OUT035,2090.612
FDB51,OUT017,438.0964
NCY18,OUT027,2101.2648
FDR26,OUT017,1239.7196
FDZ23,OUT010,745.696
NCR17,OUT013,2085.2856
NCX05,OUT013,2548.6824
FDC35,OUT027,4555.4036
FDO23,OUT017,1701.7848
FDY36,OUT045,1098.57
FDE52,OUT027,3453.5046
FDO19,OUT045,534.6374
FDR46,OUT046,2929.52
FDI19,OUT046,4119.9704
DRC13,OUT018,985.384
NCE55,OUT027,7939.665
FDJ10,OUT045,3231.1274
FDK24,OUT045,679.116
FDH24,OUT017,2985.4472
FDP38,OUT013,354.2056
FDV10,OUT046,894.8352
FDR59,OUT027,3401.5722
FDC04,OUT049,2416.854
FDZ58,OUT035,2817.6656
FDS60,OUT035,4673.916
FDQ40,OUT027,3691.1952
FDS32,OUT010,280.9676
FDN15,OUT049,2097.27
FDE29,OUT027,1514.695
FDR58,OUT027,2868.9322
FDV38,OUT013,163.7868
FDR58,OUT049,1480.7392
FDQ56,OUT018,1426.1436
FDA11,OUT045,1134.5232
FDA44,OUT045,848.895
FDJ09,OUT017,407.4696
NCS38,OUT045,1946.7992
FDE45,OUT019,716.4008
NCN06,OUT010,327.5736
DRC01,OUT013,591.2304
FDZ33,OUT049,1182.4608
FDU13,OUT017,3089.9778
FDN01,OUT010,176.437
FDX37,OUT049,1597.92
NCC42,OUT049,2247.7408
FDA49,OUT049,697.7584
NCP50,OUT027,2175.1686
NCP43,OUT019,179.766
FDU04,OUT019,487.3656
FDN48,OUT018,1102.5648
NCY06,OUT045,2348.9424
NCE19,OUT046,1037.3164
FDD41,OUT049,836.2448
DRL37,OUT018,173.108
FDR07,OUT010,190.4188
FDT03,OUT046,551.2824
FDY60,OUT027,4458.1968
FDR26,OUT018,3364.9532
FDZ55,OUT046,2396.88
FDO34,OUT017,4362.3216
NCE07,OUT010,425.4462
FDD58,OUT045,1298.31
FDL24,OUT027,7759.899
FDD39,OUT019,432.77
FDF56,OUT049,4165.2448
NCT30,OUT017,850.8924
DRP47,OUT017,2775.7202
NCT42,OUT045,2087.9488
FDD39,OUT045,3678.545
FDF17,OUT017,3731.809
FDH44,OUT049,1765.7016
FDG09,OUT018,4693.89
FDK45,OUT035,1018.674
NCF42,OUT019,351.5424
FDC50,OUT035,1237.7222
DRE27,OUT035,1174.4712
FDN57,OUT046,2269.0464
FDU02,OUT049,3435.528
FDK14,OUT035,818.934
DRH15,OUT046,1537.998
DRJ13,OUT013,2406.867
FDH35,OUT045,4604.6728
FDS22,OUT046,351.5424
FDK58,OUT045,2631.2416
NCC43,OUT018,1004.0264
FDT11,OUT010,563.2668
NCO54,OUT019,165.7842
FDU19,OUT013,517.3266
FDD59,OUT045,2157.192
NCN19,OUT035,3225.801
DRG15,OUT045,796.2968
FDK45,OUT019,339.558
FDU57,OUT046,2407.5328
FDY24,OUT035,808.947
DRH51,OUT049,878.856
FDO48,OUT045,1989.4104
FDP04,OUT018,447.4176
FDL03,OUT018,2160.521
FDN58,OUT035,7182.6504
FDD44,OUT046,4380.2982
FDR23,OUT010,529.311
DRI11,OUT018,1267.0174
FDT26,OUT027,1078.596
FDO08,OUT018,1973.4312
FDX10,OUT045,141.1496
FDZ04,OUT046,1201.769
NCV06,OUT018,3099.9648
FDX36,OUT017,2700.4848
FDB33,OUT019,477.3786
FDT38,OUT018,591.8962
DRC13,OUT017,1847.595
NCD43,OUT045,1367.5532
FDB32,OUT018,1314.2892
FDQ07,OUT027,1547.3192
FDY60,OUT046,1438.128
NCK29,OUT019,369.519
NCK19,OUT045,4649.9472
FDE04,OUT049,2696.49
FDV11,OUT035,2101.2648
NCO05,OUT017,2759.0752
FDC04,OUT019,483.3708
DRF27,OUT027,1071.938
DRL35,OUT013,605.878
FDA46,OUT013,5443.5808
DRA59,OUT019,555.2772
FDD44,OUT013,5153.292
FDZ44,OUT017,820.2656
FDP25,OUT019,218.3824
FDA02,OUT045,866.8716
FDZ03,OUT046,3355.632
FDR24,OUT013,539.298
FDN13,OUT017,1910.1802
FDZ43,OUT027,8239.9408
FDY09,OUT019,175.1054
FDX59,OUT027,984.7182
NCP53,OUT027,5704.5744
FDL22,OUT035,1086.5856
NCR17,OUT027,3938.8728
NCI06,OUT018,1258.362
FDP32,OUT017,1780.3492
FDR27,OUT010,397.4826
FDF24,OUT017,1474.0812
DRG01,OUT027,2679.845
FDC50,OUT027,3237.1196
FDZ59,OUT049,3828.35
DRE15,OUT046,986.7156
FDH21,OUT027,5704.5744
FDC28,OUT019,108.5254
FDR55,OUT035,4349.0056
FDN49,OUT035,679.116
FDQ56,OUT049,1677.816
FDH34,OUT049,5386.9878
FDG08,OUT013,4466.1864
FDX43,OUT017,1498.05
FDA49,OUT046,1744.396
DRL23,OUT013,1607.907
FDH26,OUT049,1976.0944
FDW46,OUT017,1174.4712
FDC50,OUT017,1904.188
FDF50,OUT045,2956.152
NCY18,OUT010,525.3162
FDO52,OUT046,2566.659
FDT48,OUT049,3769.7596
FDB14,OUT018,652.484
NCH30,OUT010,113.186
FDG33,OUT035,4637.9628
FDT02,OUT018,105.8622
FDU04,OUT035,1340.2554
FDP33,OUT027,10993.6896
FDS52,OUT027,3542.056
DRI13,OUT046,1736.4064
FDI33,OUT045,1368.219
NCF54,OUT010,344.8844
FDI24,OUT035,2822.992
NCX18,OUT046,3338.987
FDX45,OUT017,782.315
FDJ16,OUT046,1100.5674
FDG31,OUT027,2518.7214
FDZ48,OUT017,1118.544
FDZ08,OUT010,82.5592
DRL01,OUT049,6309.7866
FDH21,OUT045,2852.2872
NCL54,OUT027,4202.5296
FDB44,OUT013,2954.8204
NCU41,OUT035,3248.4382
FDL48,OUT013,729.051
FDR32,OUT046,3197.1716
DRF25,OUT035,1171.808
DRF60,OUT045,4290.4152
FDR21,OUT046,3175.866
FDK15,OUT049,1488.063
FDZ21,OUT046,193.082
FDT25,OUT018,2572.6512
FDO46,OUT013,3214.4824
FDV01,OUT049,2171.8396
NCZ42,OUT010,711.0744
NCX54,OUT017,1693.7952
FDD28,OUT017,410.1328
NCO55,OUT045,2143.876
FDG29,OUT035,796.9626
FDW24,OUT013,534.6374
FDB16,OUT046,1569.9564
FDP23,OUT035,4572.0486
FDQ07,OUT045,6410.3224
NCI29,OUT027,4963.539
FDR12,OUT027,3091.9752
FDR52,OUT013,1910.846
FDW59,OUT017,1860.2452
FDX35,OUT017,4326.3684
DRE49,OUT027,7741.9224
FDE59,OUT013,359.532
FDP51,OUT046,2014.7108
FDR33,OUT017,2306.997
FDO11,OUT027,3486.1288
DRF01,OUT017,1749.7224
FDC28,OUT017,1627.881
FDX34,OUT045,2892.2352
FDP07,OUT045,3142.576
FDV12,OUT035,2857.6136
DRD27,OUT045,1686.4714
NCL41,OUT046,519.324
FDM52,OUT045,1773.6912
FDN23,OUT049,3193.1768
FDN15,OUT027,2936.178
FDA21,OUT018,5182.5872
FDN04,OUT045,3390.2536
NCS18,OUT046,1393.5194
DRE13,OUT049,1395.5168
FDF57,OUT045,2897.5616
FDJ22,OUT019,383.5008
FDO36,OUT013,3056.022
FDG29,OUT049,293.6178
FDT57,OUT035,4740.496
FDQ09,OUT035,1382.2008
DRJ24,OUT035,1850.924
NCI17,OUT013,193.082
FDS10,OUT010,180.4318
FDQ13,OUT027,3691.1952
FDR23,OUT018,5645.984
FDY03,OUT045,1687.803
NCT29,OUT045,1462.0968
NCV54,OUT019,474.0496
NCN55,OUT018,5287.7836
FDN40,OUT035,2153.1972
FDA39,OUT018,78.5644
FDV03,OUT049,2326.971
DRI39,OUT027,3112.615
FDX20,OUT019,452.744
FDM44,OUT049,1960.781
FDC46,OUT017,2397.5458
FDS45,OUT035,2858.2794
FDB20,OUT013,934.7832
FDL34,OUT035,4516.7872
NCD18,OUT018,4607.336
FDS43,OUT027,5033.448
NCQ41,OUT010,390.1588
FDJ53,OUT046,843.5686
FDJ60,OUT013,1651.184
NCZ30,OUT013,602.549
FDY27,OUT045,535.3032
FDS40,OUT045,585.904
FDY44,OUT049,2749.754
FDZ58,OUT019,122.5072
FDK24,OUT019,135.8232
FDG50,OUT010,182.4292
FDH16,OUT049,808.947
DRH11,OUT049,331.5684
FDW39,OUT019,176.437
DRJ13,OUT045,2085.9514
NCM17,OUT046,356.8688
FDB41,OUT045,709.077
FDE53,OUT046,1491.392
NCI31,OUT018,585.904
FDX45,OUT049,1721.093
FDU40,OUT013,3099.9648
FDI10,OUT049,5000.8238
FDB53,OUT027,5219.872
FDW55,OUT013,4731.1748
NCX17,OUT018,5592.72
NCY29,OUT013,282.965
DRG15,OUT046,1225.072
FDC32,OUT019,277.6386
FDE09,OUT027,1768.3648
FDY26,OUT010,423.4488
FDN09,OUT018,1705.7796
FDK08,OUT049,1416.8224
FDF44,OUT035,2348.9424
NCZ30,OUT010,241.0196
FDT32,OUT046,2261.0568
FDM13,OUT010,131.1626
NCX41,OUT010,1482.0708
FDJ28,OUT027,5772.486
FDS28,OUT045,458.0704
NCJ31,OUT017,1687.1372
FDQ34,OUT046,1058.622
NCR53,OUT049,3375.606
FDV12,OUT017,1970.768
NCP29,OUT035,703.0848
DRF23,OUT049,1569.9564
DRL47,OUT035,755.0172
FDE08,OUT019,445.4202
NCU17,OUT017,2241.0828
DRH37,OUT045,2302.3364
FDU46,OUT017,2423.512
FDQ36,OUT019,37.2848
FDQ39,OUT027,6114.7072
FDS04,OUT010,280.9676
DRP35,OUT013,3579.3408
FDX55,OUT045,2830.3158
FDT43,OUT035,259.662
FDM14,OUT046,2930.1858
FDT04,OUT010,196.411
FDY07,OUT017,275.6412
FDB36,OUT017,1573.9512
FDR60,OUT017,231.6984
NCF07,OUT018,1518.024
NCJ06,OUT019,238.3564
FDC53,OUT027,2956.152
FDO58,OUT018,2960.1468
NCA17,OUT017,4026.7584
FDM01,OUT027,3691.1952
FDC03,OUT013,780.3176
FDH53,OUT046,1816.3024
FDC47,OUT019,228.3694
FDJ38,OUT018,2846.295
FDP48,OUT017,2563.33
FDL20,OUT027,4447.544
FDW26,OUT017,2890.9036
FDW34,OUT019,486.034
FDS52,OUT018,1012.016
FDQ52,OUT049,4221.8378
NCX06,OUT046,3440.8544
FDB39,OUT035,503.3448
FDB32,OUT010,93.8778
FDI15,OUT046,3179.8608
FDR43,OUT013,585.904
FDC51,OUT049,2463.46
FDU36,OUT049,886.8456
DRE27,OUT049,1076.5986
FDM12,OUT035,565.2642
NCR42,OUT017,199.74
NCQ06,OUT017,3315.0182
DRZ24,OUT017,3115.944
FDX15,OUT046,1283.6624
DRB25,OUT017,2358.2636
NCX30,OUT046,4210.5192
FDH38,OUT019,117.1808
NCB18,OUT049,2656.542
FDF26,OUT045,2153.1972
NCA06,OUT046,183.095
FDS01,OUT049,1955.4546
DRM59,OUT017,3537.3954
FDS46,OUT046,2145.2076
NCN17,OUT035,1508.037
FDV23,OUT019,622.523
FDZ09,OUT035,4094.67
FDP20,OUT018,1771.028
NCL42,OUT013,6615.3888
FDS52,OUT010,101.2016
FDV24,OUT018,2546.685
DRG36,OUT027,4277.765
DRN37,OUT013,3342.316
FDL46,OUT046,2356.932
NCR05,OUT027,7142.7024
FDC29,OUT035,2175.8344
FDJ16,OUT049,868.869
FDW39,OUT017,4234.488
FDB21,OUT017,1691.7978
FDU59,OUT049,3574.0144
FDW43,OUT017,6831.108
DRL49,OUT035,2422.1804
FDH19,OUT019,347.5476
DRE12,OUT049,1584.604
FDZ09,OUT010,163.7868
FDP19,OUT035,3487.4604
NCE19,OUT045,1037.3164
FDD51,OUT045,181.0976
FDV46,OUT018,2656.542
FDI15,OUT013,5564.7564
FDW50,OUT013,3008.0844
FDF20,OUT045,1379.5376
NCS53,OUT035,2376.906
FDV60,OUT010,392.822
FDO28,OUT019,120.5098
FDV12,OUT018,2463.46
FDQ59,OUT027,3020.0688
FDC60,OUT019,265.6542
NCS53,OUT027,6021.4952
FDM33,OUT013,5509.495
FDX40,OUT019,38.6164
FDQ40,OUT017,3339.6528
FDF32,OUT046,1384.1982
FDU15,OUT017,755.0172
DRF49,OUT018,2277.036
FDF22,OUT018,2350.9398
FDS55,OUT027,4157.2552
FDW25,OUT013,255.6672
FDB27,OUT046,5715.2272
FDB04,OUT027,3515.424
DRK23,OUT018,3542.056
NCO54,OUT049,1436.7964
FDK20,OUT017,1347.5792
FDD26,OUT046,3146.5708
FDT60,OUT019,123.8388
DRF01,OUT049,2478.7734
NCP43,OUT046,2336.958
FDU57,OUT045,2708.4744
NCD42,OUT018,227.7036
FDO24,OUT049,2376.906
NCH30,OUT046,1245.046
FDS16,OUT045,3954.852
FDJ15,OUT027,6064.1064
FDR32,OUT019,228.3694
FDY47,OUT010,129.831
NCY30,OUT035,3440.8544
FDL12,OUT013,599.22
FDA55,OUT018,2460.7968
FDQ45,OUT046,2021.3688
NCX41,OUT049,2540.6928
FDZ57,OUT013,1413.4934
NCJ18,OUT027,3199.8348
FDV47,OUT019,253.6698
DRK39,OUT013,2746.425
NCY53,OUT017,1565.9616
FDY09,OUT017,1751.054
FDA55,OUT019,447.4176
FDR15,OUT046,2326.971
FDB52,OUT013,2045.3376
NCA41,OUT045,2886.243
FDA45,OUT035,529.311
FDC05,OUT017,1970.768
FDL40,OUT013,1158.492
FDD10,OUT045,1070.6064
FDL13,OUT017,2796.36
FDA13,OUT017,759.012
NCS41,OUT027,1653.8472
FDP60,OUT045,1619.2256
FDG17,OUT018,2687.8346
DRB24,OUT017,1853.5872
DRI03,OUT049,1593.9252
FDP09,OUT035,4247.804
NCJ19,OUT018,858.882
DRE15,OUT045,1366.2216
FDW10,OUT017,5469.547
NCB18,OUT046,1416.8224
FDV19,OUT013,2085.9514
DRK01,OUT018,1323.6104
FDB08,OUT035,1604.578
FDX22,OUT046,5890.9984
DRL01,OUT035,2804.3496
FDY24,OUT018,539.298
FDB57,OUT027,7116.0704
NCZ29,OUT046,1384.1982
FDG10,OUT027,801.6232
NCN53,OUT010,70.5748
FDO32,OUT018,1071.938
FDL57,OUT045,4908.2776
FDW26,OUT019,444.7544
FDP11,OUT010,435.4332
NCY29,OUT017,1301.639
NCU18,OUT019,564.5984
FDU28,OUT019,376.8428
FDH57,OUT049,2504.7396
FDM56,OUT019,218.3824
FDF57,OUT027,3408.896
NCT54,OUT049,1237.7222
NCE55,OUT045,2117.244
FDX15,OUT027,641.8312
NCV05,OUT046,1544.656
FDH50,OUT013,2213.1192
FDP12,OUT046,705.748
FDF56,OUT027,7425.0016
FDM10,OUT045,2564.6616
FDT59,OUT017,1842.9344
FDV26,OUT027,8388.4142
FDB36,OUT013,3410.2276
FDW26,OUT013,3113.2808
DRL01,OUT017,5375.0034
FDD41,OUT045,1672.4896
FDX33,OUT017,1283.6624
NCW54,OUT046,1030.6584
FDU04,OUT018,487.3656
FDL09,OUT049,1174.4712
FDZ23,OUT049,2796.36
FDO50,OUT046,1653.8472
FDM32,OUT046,539.298
DRK12,OUT013,466.06
FDO20,OUT049,1261.691
FDY56,OUT013,4288.4178
FDQ52,OUT018,6208.585
NCH07,OUT049,4119.9704
FDS31,OUT046,2345.6134
FDN16,OUT049,825.592
FDX34,OUT027,4097.3332
FDS11,OUT046,3131.9232
DRG01,OUT046,765.67
FDE57,OUT049,3261.7542
FDU12,OUT035,4482.1656
FDN38,OUT019,1001.3632
FDI21,OUT027,1597.92
FDM13,OUT018,524.6504
FDG09,OUT046,3942.8676
DRJ59,OUT049,579.246
FDI07,OUT035,3361.6242
FDG35,OUT046,2954.1546
FDK10,OUT018,4853.682
FDM51,OUT010,203.7348
FDT23,OUT049,623.1888
NCC31,OUT010,1090.5804
FDC15,OUT018,1571.288
NCV29,OUT010,711.0744
FDB51,OUT046,813.6076
FDQ07,OUT046,663.1368
FDB41,OUT035,1039.9796
FDC14,OUT010,41.9454
FDT23,OUT018,856.8846
NCO54,OUT013,331.5684
DRB01,OUT027,569.259
